title,first_name,last_name,full_salutation,chamber,room,address_line_1,address_line_2,city,state,zip,phone,email,district,party,leadership_role,priority_tier,relevance_score,committee_hook
"Sen.","Doug","Beck","Senator Beck","Missouri State Senate","333","201 W. Capitol Ave.","Rm. 333","Jefferson City","MO","65101","(573) 751-0220","doug.beck@senate.mo.gov","1","D","","Tier 1","4","As a St. Louis County senator your constituents include families navigating the court system daily"
"Sen.","Nick","Schroer","Senator Schroer","Missouri State Senate","227","201 W. Capitol Ave.","Rm. 227","Jefferson City","MO","65101","(573) 751-1282","nick.schroer@senate.mo.gov","2","R","","Tier 2","3","St. Charles County families would benefit from child-centered documentation tools"
"Sen.","Mike","Henderson","Senator Henderson","Missouri State Senate","431","201 W. Capitol Ave.","Rm. 431","Jefferson City","MO","65101","(573) 751-4008","mike.henderson@senate.mo.gov","3","R","","Tier 3","2","Missouri families across your district navigate complex court proceedings"
"Sen.","Karla","May","Senator May","Missouri State Senate","225","201 W. Capitol Ave.","Rm. 225","Jefferson City","MO","65101","(573) 751-3599","karla.may@senate.mo.gov","4","D","","Tier 1","4","As a St. Louis City senator you represent communities most impacted by family court challenges"
"Sen.","Steven","Roberts","Senator Roberts","Missouri State Senate","434","201 W. Capitol Ave.","Rm. 434","Jefferson City","MO","65101","(573) 751-4415","steven.roberts@senate.mo.gov","5","D","","Tier 1","4","St. Louis City families in your district face significant documentation challenges in family court"
"Sen.","Mike","Bernskoetter","Senator Bernskoetter","Missouri State Senate","416","201 W. Capitol Ave.","Rm. 416","Jefferson City","MO","65101","(573) 751-2076","mike.bernskoetter@senate.mo.gov","6","R","","Tier 3","2","Central Missouri families in your district would benefit from court documentation tools"
"Sen.","Patty","Lewis","Senator Lewis","Missouri State Senate","425","201 W. Capitol Ave.","Rm. 425","Jefferson City","MO","65101","(573) 751-6607","patty.lewis@senate.mo.gov","7","R","","Tier 3","2","Missouri families across your district navigate complex court proceedings"
"Sen.","Mike","Cierpiot","Senator Cierpiot","Missouri State Senate","422","201 W. Capitol Ave.","Rm. 422","Jefferson City","MO","65101","(573) 751-1464","mike.cierpiot@senate.mo.gov","8","R","","Tier 3","2","Jackson County families in your district navigate complex court proceedings"
"Sen.","Barbara","Washington","Senator Washington","Missouri State Senate","425","201 W. Capitol Ave.","Rm. 425","Jefferson City","MO","65101","(573) 751-3158","barbara.washington@senate.mo.gov","9","D","","Tier 3","2","Kansas City families in your district face documentation challenges in family court"
"Sen.","Travis","Fitzwater","Senator Fitzwater","Missouri State Senate","418","201 W. Capitol Ave.","Rm. 418","Jefferson City","MO","65101","(573) 751-2757","travis.fitzwater@senate.mo.gov","10","R","","Tier 3","2","Missouri families across your district navigate complex court proceedings"
"Sen.","Joe","Nicola","Senator Nicola","Missouri State Senate","226","201 W. Capitol Ave.","Rm. 226","Jefferson City","MO","65101","(573) 751-3074","joe.nicola@senate.mo.gov","11","R","","Tier 3","2","Missouri families across your district navigate complex court proceedings"
"Sen.","Rusty","Black","Senator Black","Missouri State Senate","420","201 W. Capitol Ave.","Rm. 420","Jefferson City","MO","65101","(573) 751-1415","rusty.black@senate.mo.gov","12","R","","Tier 3","2","Missouri families across your district navigate complex court proceedings"
"Sen.","Angela","Mosley","Senator Mosley","Missouri State Senate","421","201 W. Capitol Ave.","Rm. 421","Jefferson City","MO","65101","(573) 751-2420","angela.mosley@senate.mo.gov","13","D","","Tier 1","4","As a St. Louis County senator your constituents include families navigating the court system"
"Sen.","Brian","Williams","Senator Williams","Missouri State Senate","428A","201 W. Capitol Ave.","Rm. 428A","Jefferson City","MO","65101","(573) 751-4106","brian.williams@senate.mo.gov","14","D","","Tier 1","4","As a St. Louis County senator your constituents face family court documentation challenges"
"Sen.","David","Gregory","Senator Gregory","Missouri State Senate","331","201 W. Capitol Ave.","Rm. 331","Jefferson City","MO","65101","(573) 751-5568","david.gregory@senate.mo.gov","15","R","","Tier 3","2","Missouri families across your district navigate complex court proceedings"
"Sen.","Justin","Brown","Senator Brown","Missouri State Senate","423","201 W. Capitol Ave.","Rm. 423","Jefferson City","MO","65101","(573) 751-5713","justin.brown@senate.mo.gov","16","R","","Tier 3","2","Missouri families across your district navigate complex court proceedings"
"Sen.","Maggie","Nurrenbern","Senator Nurrenbern","Missouri State Senate","330","201 W. Capitol Ave.","Rm. 330","Jefferson City","MO","65101","(573) 751-5282","maggie.nurrenbern@senate.mo.gov","17","R","","Tier 3","2","Missouri families across your district navigate complex court proceedings"
"Sen.","Cindy","O'Laughlin","Senator O'Laughlin","Missouri State Senate","326","201 W. Capitol Ave.","Rm. 326","Jefferson City","MO","65101","(573) 751-7985","cindy.olaughlin@senate.mo.gov","18","R","President Pro Tem","Tier 1","5","As President Pro Tem you oversee committee appointments that shape family policy"
"Sen.","Stephen","Webber","Senator Webber","Missouri State Senate","329","201 W. Capitol Ave.","Rm. 329","Jefferson City","MO","65101","(573) 751-3931","stephen.webber@senate.mo.gov","19","R","","Tier 3","2","Missouri families across your district navigate complex court proceedings"
"Sen.","Curtis","Trent","Senator Trent","Missouri State Senate","323","201 W. Capitol Ave.","Rm. 323","Jefferson City","MO","65101","(573) 751-1503","curtis.trent@senate.mo.gov","20","R","Asst. Majority Floor Leader","Tier 2","3","As Assistant Majority Floor Leader you influence which bills reach the floor"
"Sen.","Kurtis","Gregory","Senator Gregory","Missouri State Senate","433A","201 W. Capitol Ave.","Rm. 433A","Jefferson City","MO","65101","(573) 751-4302","kurtis.gregory@senate.mo.gov","21","R","","Tier 3","2","Missouri families across your district navigate complex court proceedings"
"Sen.","Mary Elizabeth","Coleman","Senator Coleman","Missouri State Senate","331A","201 W. Capitol Ave.","Rm. 331A","Jefferson City","MO","65101","(573) 751-1492","mary.elizabeth.coleman@senate.mo.gov","22","R","","Tier 3","2","Missouri families across your district navigate complex court proceedings"
"Sen.","Adam","Schnelting","Senator Schnelting","Missouri State Senate","219","201 W. Capitol Ave.","Rm. 219","Jefferson City","MO","65101","(573) 751-1141","adam.schnelting@senate.mo.gov","23","R","","Tier 2","3","St. Charles and Lincoln County families would benefit from child-centered documentation tools"
"Sen.","Tracy","McCreery","Senator McCreery","Missouri State Senate","427","201 W. Capitol Ave.","Rm. 427","Jefferson City","MO","65101","(573) 751-9762","tracy.mccreery@senate.mo.gov","24","D","","Tier 1","4","As a St. Louis County senator your constituents face family court documentation challenges"
"Sen.","Jason","Bean","Senator Bean","Missouri State Senate","321","201 W. Capitol Ave.","Rm. 321","Jefferson City","MO","65101","(573) 751-4843","jason.bean@senate.mo.gov","25","R","","Tier 3","2","Missouri families across your district navigate complex court proceedings"
"Sen.","Ben","Brown","Senator Brown","Missouri State Senate","430","201 W. Capitol Ave.","Rm. 430","Jefferson City","MO","65101","(573) 751-3678","ben.brown@senate.mo.gov","26","R","Majority Caucus Chairman","Tier 2","3","As Majority Caucus Chairman you help set the caucus agenda on family policy"
"Sen.","Jamie","Burger","Senator Burger","Missouri State Senate","334","201 W. Capitol Ave.","Rm. 334","Jefferson City","MO","65101","(573) 751-2459","jamie.burger@senate.mo.gov","27","R","","Tier 3","2","Missouri families across your district navigate complex court proceedings"
"Sen.","Sandy","Crawford","Senator Crawford","Missouri State Senate","319","201 W. Capitol Ave.","Rm. 319","Jefferson City","MO","65101","(573) 751-8793","sandy.crawford@senate.mo.gov","28","R","","Tier 3","2","Missouri families across your district navigate complex court proceedings"
"Sen.","Mike","Moon","Senator Moon","Missouri State Senate","220","201 W. Capitol Ave.","Rm. 220","Jefferson City","MO","65101","(573) 751-1480","mike.moon@senate.mo.gov","29","R","","Tier 3","2","Missouri families across your district navigate complex court proceedings"
"Sen.","Lincoln","Hough","Senator Hough","Missouri State Senate","419","201 W. Capitol Ave.","Rm. 419","Jefferson City","MO","65101","(573) 751-1311","lincoln.hough@senate.mo.gov","30","R","","Tier 3","2","Springfield-area families in your district navigate complex court proceedings"
"Sen.","Rick","Brattin","Senator Brattin","Missouri State Senate","331","201 W. Capitol Ave.","Rm. 331","Jefferson City","MO","65101","(573) 751-2108","rick.brattin@senate.mo.gov","31","R","","Tier 3","2","Missouri families across your district navigate complex court proceedings"
"Sen.","Jill","Carter","Senator Carter","Missouri State Senate","320","201 W. Capitol Ave.","Rm. 320","Jefferson City","MO","65101","(573) 751-2173","jill.carter@senate.mo.gov","32","R","Majority Caucus Whip","Tier 2","3","As Majority Caucus Whip you help build support for family-centered legislation"
"Sen.","Brad","Hudson","Senator Hudson","Missouri State Senate","426","201 W. Capitol Ave.","Rm. 426","Jefferson City","MO","65101","(573) 751-1882","brad.hudson@senate.mo.gov","33","R","","Tier 3","2","Missouri families across your district navigate complex court proceedings"
"Sen.","Tony","Luetkemeyer","Senator Luetkemeyer","Missouri State Senate","332","201 W. Capitol Ave.","Rm. 332","Jefferson City","MO","65101","(573) 751-2183","tony.luetkemeyer@senate.mo.gov","34","R","Majority Floor Leader","Tier 1","5","As Majority Floor Leader you control the floor calendar for family policy bills"
